{
  "PUT Request" : {
    "transaction" : "PUT Request",
    "sampleCount" : 7856,
    "errorCount" : 0,
    "errorPct" : 0.0,
    "meanResTime" : 371.73307026476624,
    "medianResTime" : 181.0,
    "minResTime" : 151.0,
    "maxResTime" : 2259.0,
    "pct1ResTime" : 1020.0,
    "pct2ResTime" : 1286.1499999999996,
    "pct3ResTime" : 1637.2900000000009,
    "throughput" : 6.892981547937633,
    "receivedKBytesPerSec" : 6.439206574479472,
    "sentKBytesPerSec" : 1.6155425502978829
  },
  "Write to CSV" : {
    "transaction" : "Write to CSV",
    "sampleCount" : 7842,
    "errorCount" : 0,
    "errorPct" : 0.0,
    "meanResTime" : 2.1050752359092066,
    "medianResTime" : 1.0,
    "minResTime" : 0.0,
    "maxResTime" : 113.0,
    "pct1ResTime" : 3.0,
    "pct2ResTime" : 4.0,
    "pct3ResTime" : 14.0,
    "throughput" : 6.889335761556241,
    "receivedKBytesPerSec" : 0.0,
    "sentKBytesPerSec" : 0.0
  },
  "Total" : {
    "transaction" : "Total",
    "sampleCount" : 47200,
    "errorCount" : 0,
    "errorPct" : 0.0,
    "meanResTime" : 397.13567796610164,
    "medianResTime" : 184.0,
    "minResTime" : 0.0,
    "maxResTime" : 3607.0,
    "pct1ResTime" : 1136.9000000000015,
    "pct2ResTime" : 1445.0,
    "pct3ResTime" : 1955.9400000000096,
    "throughput" : 41.26361065335507,
    "receivedKBytesPerSec" : 29.98959735742417,
    "sentKBytesPerSec" : 7.351151236706254
  },
  "POST Request" : {
    "transaction" : "POST Request",
    "sampleCount" : 7880,
    "errorCount" : 0,
    "errorPct" : 0.0,
    "meanResTime" : 372.9893401015216,
    "medianResTime" : 179.0,
    "minResTime" : 152.0,
    "maxResTime" : 2199.0,
    "pct1ResTime" : 1030.0,
    "pct2ResTime" : 1291.9499999999998,
    "pct3ResTime" : 1635.0,
    "throughput" : 6.899522637088612,
    "receivedKBytesPerSec" : 6.4659818593119045,
    "sentKBytesPerSec" : 1.6372890632934889
  },
  "DELETE Request" : {
    "transaction" : "DELETE Request",
    "sampleCount" : 7851,
    "errorCount" : 0,
    "errorPct" : 0.0,
    "meanResTime" : 363.5817093363898,
    "medianResTime" : 181.0,
    "minResTime" : 151.0,
    "maxResTime" : 2347.0,
    "pct1ResTime" : 989.0,
    "pct2ResTime" : 1291.3999999999996,
    "pct3ResTime" : 1642.9599999999991,
    "throughput" : 6.891666271653316,
    "receivedKBytesPerSec" : 5.831964090872383,
    "sentKBytesPerSec" : 1.3998697114295797
  },
  "PATCH Request" : {
    "transaction" : "PATCH Request",
    "sampleCount" : 7869,
    "errorCount" : 0,
    "errorPct" : 0.0,
    "meanResTime" : 364.30156309569276,
    "medianResTime" : 180.0,
    "minResTime" : 151.0,
    "maxResTime" : 2914.0,
    "pct1ResTime" : 978.0,
    "pct2ResTime" : 1266.5,
    "pct3ResTime" : 1635.0,
    "throughput" : 6.896817682637706,
    "receivedKBytesPerSec" : 6.079077404376662,
    "sentKBytesPerSec" : 1.4817381740041946
  },
  "GET Request" : {
    "transaction" : "GET Request",
    "sampleCount" : 7902,
    "errorCount" : 0,
    "errorPct" : 0.0,
    "meanResTime" : 904.5350544166008,
    "medianResTime" : 704.0,
    "minResTime" : 600.0,
    "maxResTime" : 3607.0,
    "pct1ResTime" : 1609.6999999999998,
    "pct2ResTime" : 1869.0,
    "pct3ResTime" : 2240.880000000001,
    "throughput" : 6.90815786827991,
    "receivedKBytesPerSec" : 5.245896724045233,
    "sentKBytesPerSec" : 1.2345633690383044
  }
}