{
  "PUT Request" : {
    "transaction" : "PUT Request",
    "sampleCount" : 6665,
    "errorCount" : 0,
    "errorPct" : 0.0,
    "meanResTime" : 289.36504126031485,
    "medianResTime" : 175.0,
    "minResTime" : 150.0,
    "maxResTime" : 1860.0,
    "pct1ResTime" : 566.0,
    "pct2ResTime" : 787.6999999999998,
    "pct3ResTime" : 1358.6800000000003,
    "throughput" : 11.268629589240277,
    "receivedKBytesPerSec" : 10.527170880779082,
    "sentKBytesPerSec" : 2.6410850599781894
  },
  "Write to CSV" : {
    "transaction" : "Write to CSV",
    "sampleCount" : 6631,
    "errorCount" : 0,
    "errorPct" : 0.0,
    "meanResTime" : 2.9704418639722534,
    "medianResTime" : 1.0,
    "minResTime" : 0.0,
    "maxResTime" : 220.0,
    "pct1ResTime" : 4.0,
    "pct2ResTime" : 8.0,
    "pct3ResTime" : 39.0,
    "throughput" : 11.255637578994003,
    "receivedKBytesPerSec" : 0.0,
    "sentKBytesPerSec" : 0.0
  },
  "Total" : {
    "transaction" : "Total",
    "sampleCount" : 40034,
    "errorCount" : 0,
    "errorPct" : 0.0,
    "meanResTime" : 324.7164160463608,
    "medianResTime" : 171.0,
    "minResTime" : 0.0,
    "maxResTime" : 2334.0,
    "pct1ResTime" : 694.0,
    "pct2ResTime" : 889.0,
    "pct3ResTime" : 1363.0,
    "throughput" : 66.936750004598,
    "receivedKBytesPerSec" : 48.6772533458761,
    "sentKBytesPerSec" : 11.931818656817487
  },
  "POST Request" : {
    "transaction" : "POST Request",
    "sampleCount" : 6691,
    "errorCount" : 0,
    "errorPct" : 0.0,
    "meanResTime" : 290.66372739500684,
    "medianResTime" : 174.0,
    "minResTime" : 151.0,
    "maxResTime" : 2012.0,
    "pct1ResTime" : 571.8000000000002,
    "pct2ResTime" : 784.3999999999996,
    "pct3ResTime" : 1357.3199999999997,
    "throughput" : 11.307330922364551,
    "receivedKBytesPerSec" : 10.596363254448745,
    "sentKBytesPerSec" : 2.683282630990807
  },
  "DELETE Request" : {
    "transaction" : "DELETE Request",
    "sampleCount" : 6649,
    "errorCount" : 0,
    "errorPct" : 0.0,
    "meanResTime" : 292.320198526094,
    "medianResTime" : 177.0,
    "minResTime" : 151.0,
    "maxResTime" : 1730.0,
    "pct1ResTime" : 566.0,
    "pct2ResTime" : 801.0,
    "pct3ResTime" : 1370.0,
    "throughput" : 11.279604933915325,
    "receivedKBytesPerSec" : 9.545870232589898,
    "sentKBytesPerSec" : 2.2911697522015504
  },
  "PATCH Request" : {
    "transaction" : "PATCH Request",
    "sampleCount" : 6681,
    "errorCount" : 0,
    "errorPct" : 0.0,
    "meanResTime" : 286.6346355336031,
    "medianResTime" : 173.0,
    "minResTime" : 151.0,
    "maxResTime" : 1930.0,
    "pct1ResTime" : 567.0,
    "pct2ResTime" : 791.7999999999993,
    "pct3ResTime" : 1358.3600000000006,
    "throughput" : 11.290717816553297,
    "receivedKBytesPerSec" : 9.952367152182179,
    "sentKBytesPerSec" : 2.4257401559001224
  },
  "GET Request" : {
    "transaction" : "GET Request",
    "sampleCount" : 6717,
    "errorCount" : 0,
    "errorPct" : 0.0,
    "meanResTime" : 781.2874795295519,
    "medianResTime" : 673.0,
    "minResTime" : 599.0,
    "maxResTime" : 2334.0,
    "pct1ResTime" : 1066.0,
    "pct2ResTime" : 1296.0999999999995,
    "pct3ResTime" : 1895.739999999998,
    "throughput" : 11.230807558097736,
    "receivedKBytesPerSec" : 8.527871663633384,
    "sentKBytesPerSec" : 2.007068147589732
  }
}